id,group,title,platforms,themes,web_windows_paths,android_paths,ios_paths,existing,protocol_support,implementation,verified_platforms
conversations,消息,消息列表,Web / Windows / iOS / Android,light / dark,web/src/components/ChatList.jsx,android/app/src/main/java/com/touliao/app/feature/chat/ConversationListScreen.kt,ios/Touliao/Features/Chat/ConversationListView.swift,已有,沿用对应现有接口/本地偏好/媒体行为，不修改协议。,待分批实施,尚未验证改版；原生真机待验证
chat,消息,私聊 · 消息与输入区,Web / Windows / iOS / Android,light / dark,web/src/components/ChatWindow.jsx,android/app/src/main/java/com/touliao/app/feature/chat/ChatScreen.kt,ios/Touliao/Features/Chat/ChatView.swift,已有,沿用对应现有接口/本地偏好/媒体行为，不修改协议。,待分批实施,尚未验证改版；原生真机待验证
group-chat,消息,群聊 · 公告与成员,Web / Windows / iOS / Android,light / dark,web/src/components/ChatWindow.jsx;web/src/components/GroupInfo.jsx,android/app/src/main/java/com/touliao/app/feature/chat/ChatScreen.kt,ios/Touliao/Features/Chat/ChatView.swift,已有,沿用对应现有接口/本地偏好/媒体行为，不修改协议。,待分批实施,尚未验证改版；原生真机待验证
login,账号入口,登录,Web / Windows / iOS / Android,light / dark,web/src/pages/Login.jsx,android/app/src/main/java/com/touliao/app/feature/auth/LoginScreen.kt,ios/Touliao/Features/Auth/LoginView.swift,已有,沿用对应现有接口/本地偏好/媒体行为，不修改协议。,待分批实施,尚未验证改版；原生真机待验证
register,账号入口,注册,Web / Windows / iOS / Android,light / dark,web/src/pages/Register.jsx,android/app/src/main/java/com/touliao/app/feature/auth/RegisterScreen.kt,ios/Touliao/Features/Auth/RegisterView.swift,已有,沿用对应现有接口/本地偏好/媒体行为，不修改协议。,待分批实施,尚未验证改版；原生真机待验证
forgot,账号入口,找回密码,Web / Windows / iOS / Android,light / dark,web/src/pages/ForgotPassword.jsx,android/app/src/main/java/com/touliao/app/feature/auth/ForgotPasswordScreen.kt,ios/Touliao/Features/Auth/ForgotPasswordView.swift,部分/待接入,现有仅管理员协助找回；不提供未实现的短信或自助重置。,待分批实施,尚未验证改版；原生真机待验证
contacts,联系人,通讯录,Web / Windows / iOS / Android,light / dark,web/src/components/ContactList.jsx,android/app/src/main/java/com/touliao/app/feature/contacts/ContactsScreen.kt,ios/Touliao/Features/Contacts/ContactsView.swift,已有,沿用对应现有接口/本地偏好/媒体行为，不修改协议。,待分批实施,尚未验证改版；原生真机待验证
requests,联系人,新的朋友,Web / Windows / iOS / Android,light / dark,web/src/components/ContactList.jsx,android/app/src/main/java/com/touliao/app/feature/contacts/FriendRequestsScreen.kt,ios/Touliao/Features/Contacts/FriendRequestsView.swift,已有,沿用对应现有接口/本地偏好/媒体行为，不修改协议。,待分批实施,尚未验证改版；原生真机待验证
contact-detail,联系人,朋友资料,Web / Windows / iOS / Android,light / dark,web/src/components/UserProfile.jsx,android/app/src/main/java/com/touliao/app/feature/contacts/ContactsScreen.kt,ios/Touliao/Features/Contacts/ContactsView.swift,已有,沿用对应现有接口/本地偏好/媒体行为，不修改协议。,待分批实施,尚未验证改版；原生真机待验证
add-friend,联系人,添加朋友,Web / Windows / iOS / Android,light / dark,web/src/components/AddFriendModal.jsx,android/app/src/main/java/com/touliao/app/feature/contacts/AddFriendScreen.kt,ios/Touliao/Features/Contacts/AddFriendView.swift,已有,沿用对应现有接口/本地偏好/媒体行为，不修改协议。,待分批实施,尚未验证改版；原生真机待验证
my-qr,联系人,我的二维码,Web / Windows / iOS / Android,light / dark,web/src/components/Profile.jsx,android/app/src/main/java/com/touliao/app/feature/profile/MyQrCodeScreen.kt,ios/Touliao/Features/Profile/MyQRCodeView.swift,已有,沿用对应现有接口/本地偏好/媒体行为，不修改协议。,待分批实施,尚未验证改版；原生真机待验证
create-group,群聊,发起群聊,Web / Windows / iOS / Android,light / dark,web/src/pages/Home.jsx,android/app/src/main/java/com/touliao/app/feature/contacts/CreateGroupScreen.kt,ios/Touliao/Features/Contacts/CreateGroupView.swift,已有,沿用对应现有接口/本地偏好/媒体行为，不修改协议。,待分批实施,尚未验证改版；原生真机待验证
groups,群聊,我的群聊,Web / Windows / iOS / Android,light / dark,web/src/components/ContactList.jsx,android/app/src/main/java/com/touliao/app/feature/contacts/ContactsScreen.kt,ios/Touliao/Features/Contacts/ContactsView.swift,已有,沿用对应现有接口/本地偏好/媒体行为，不修改协议。,待分批实施,尚未验证改版；原生真机待验证
group-detail,群聊,群聊资料,Web / Windows / iOS / Android,light / dark,web/src/components/GroupInfo.jsx,android/app/src/main/java/com/touliao/app/feature/group/GroupInfoScreen.kt,ios/Touliao/Features/Group/GroupInfoView.swift,已有,沿用对应现有接口/本地偏好/媒体行为，不修改协议。,待分批实施,尚未验证改版；原生真机待验证
group-members,群聊,群成员,Web / Windows / iOS / Android,light / dark,web/src/components/GroupInfo.jsx,android/app/src/main/java/com/touliao/app/feature/group/GroupInfoScreen.kt,ios/Touliao/Features/Group/GroupInfoView.swift,已有,沿用对应现有接口/本地偏好/媒体行为，不修改协议。,待分批实施,尚未验证改版；原生真机待验证
group-requests,群聊,入群申请,Web / Windows / iOS / Android,light / dark,web/src/components/GroupInfo.jsx,android/app/src/main/java/com/touliao/app/feature/group/GroupInfoScreen.kt,ios/Touliao/Features/Group/GroupInfoView.swift,部分/待接入,未找到独立入群申请审批界面/接口；保留真实邀请、群链接和权限设置。,待分批实施,尚未验证改版；原生真机待验证
group-announcement,群聊,群公告,Web / Windows / iOS / Android,light / dark,web/src/components/GroupInfo.jsx,android/app/src/main/java/com/touliao/app/feature/group/GroupInfoScreen.kt,ios/Touliao/Features/Group/GroupInfoView.swift,已有,沿用对应现有接口/本地偏好/媒体行为，不修改协议。,待分批实施,尚未验证改版；原生真机待验证
profile,个人,我,Web / Windows / iOS / Android,light / dark,web/src/components/Profile.jsx,android/app/src/main/java/com/touliao/app/feature/profile/ProfileScreen.kt,ios/Touliao/Features/Profile/ProfileView.swift,已有,沿用对应现有接口/本地偏好/媒体行为，不修改协议。,待分批实施,尚未验证改版；原生真机待验证
edit-profile,个人,编辑资料,Web / Windows / iOS / Android,light / dark,web/src/components/Profile.jsx,android/app/src/main/java/com/touliao/app/feature/profile/ProfileEditScreen.kt,ios/Touliao/Features/Profile/ProfileEditView.swift,已有,沿用对应现有接口/本地偏好/媒体行为，不修改协议。,待分批实施,尚未验证改版；原生真机待验证
settings,设置,设置,Web / Windows / iOS / Android,light / dark,web/src/components/Profile.jsx,android/app/src/main/java/com/touliao/app/feature/settings/SettingsHomeScreen.kt,ios/Touliao/Features/Profile/SettingsHomeView.swift,已有,沿用对应现有接口/本地偏好/媒体行为，不修改协议。,待分批实施,尚未验证改版；原生真机待验证
account,设置,账号与安全,Web / Windows / iOS / Android,light / dark,web/src/components/Profile.jsx,android/app/src/main/java/com/touliao/app/feature/settings/SettingsHomeScreen.kt,ios/Touliao/Features/Profile/AccountManagementView.swift,已有,保留现有密码/手机号/账号管理；未支持的验证方式不新增。,待分批实施,尚未验证改版；原生真机待验证
privacy,设置,隐私,Web / Windows / iOS / Android,light / dark,web/src/components/Profile.jsx,android/app/src/main/java/com/touliao/app/feature/settings/SettingsHomeScreen.kt,ios/Touliao/Features/Profile/SettingsHomeView.swift,已有,沿用对应现有接口/本地偏好/媒体行为，不修改协议。,待分批实施,尚未验证改版；原生真机待验证
notifications,设置,消息通知,Web / Windows / iOS / Android,light / dark,web/src/components/Profile.jsx,android/app/src/main/java/com/touliao/app/feature/settings/SettingsHomeScreen.kt,ios/Touliao/Features/Profile/SettingsHomeView.swift,已有,保留真实应用偏好与浏览器系统授权，区分权限被拒绝。,待分批实施,尚未验证改版；原生真机待验证
appearance,设置,外观,Web / Windows / iOS / Android,light / dark,web/src/components/Profile.jsx,android/app/src/main/java/com/touliao/app/feature/settings/SettingsHomeScreen.kt,ios/Touliao/Features/Profile/SettingsHomeView.swift,已有,沿用对应现有接口/本地偏好/媒体行为，不修改协议。,待分批实施,尚未验证改版；原生真机待验证
devices,设置,登录设备,Web / Windows / iOS / Android,light / dark,web/src/components/Profile.jsx,android/app/src/main/java/com/touliao/app/feature/sessions/SessionsScreen.kt,ios/Touliao/Features/Profile/SessionsView.swift,已有,沿用对应现有接口/本地偏好/媒体行为，不修改协议。,待分批实施,尚未验证改版；原生真机待验证
device-detail,设置,设备详情,Web / Windows / iOS / Android,light / dark,web/src/components/Profile.jsx,android/app/src/main/java/com/touliao/app/feature/sessions/SessionsScreen.kt,ios/Touliao/Features/Profile/SessionsView.swift,部分/待接入,现有设备列表内显示信息和下线操作；不编造 IP 地理位置或设备详情。,待分批实施,尚未验证改版；原生真机待验证
storage,设置,存储空间,Web / Windows / iOS / Android,light / dark,,,,部分/待接入,没有独立容量统计/清理页；保留现有会话清记录，独立存储管理待接入。,待分批实施,尚未验证改版；原生真机待验证
favorites,内容,收藏,Web / Windows / iOS / Android,light / dark,web/src/components/Collections.jsx,android/app/src/main/java/com/touliao/app/feature/favorites/FavoritesScreen.kt,ios/Touliao/Features/Favorites/FavoritesView.swift,已有,沿用对应现有接口/本地偏好/媒体行为，不修改协议。,待分批实施,尚未验证改版；原生真机待验证
files,内容,文件,Web / Windows / iOS / Android,light / dark,web/src/components/ChatFiles.jsx;web/src/components/FilePreview.jsx;web/src/components/ImagePreview.jsx;web/src/components/VideoPreview.jsx,android/app/src/main/java/com/touliao/app/feature/chat/ConversationFilesScreen.kt,ios/Touliao/Features/Chat/ConversationFilesView.swift,部分/待接入,现有会话文件列表及预览；全局文件中心待接入，不复制原型文件列表。,待分批实施,尚未验证改版；原生真机待验证
discover,内容,动态,Web / Windows / iOS / Android,light / dark,web/src/components/Moments.jsx,android/app/src/main/java/com/touliao/app/feature/moments/MomentsScreen.kt,ios/Touliao/Features/Moments/MomentsView.swift,已有,沿用对应现有接口/本地偏好/媒体行为，不修改协议。,待分批实施,尚未验证改版；原生真机待验证
publish,内容,发布动态,Web / Windows / iOS / Android,light / dark,web/src/components/Moments.jsx,android/app/src/main/java/com/touliao/app/feature/moments/MomentComposeScreen.kt,ios/Touliao/Features/Moments/MomentComposeView.swift,已有,沿用对应现有接口/本地偏好/媒体行为，不修改协议。,待分批实施,尚未验证改版；原生真机待验证
call-history,通话,通话,Web / Windows / iOS / Android,light / dark,web/src/components/CallHistory.jsx,android/app/src/main/java/com/touliao/app/feature/callhistory/CallHistoryScreen.kt,ios/Touliao/Features/Profile/CallHistoryView.swift,已有,沿用对应现有接口/本地偏好/媒体行为，不修改协议。,待分批实施,尚未验证改版；原生真机待验证
voice-call,通话,语音通话,Web / Windows / iOS / Android,light / dark,web/src/components/CallModal.jsx,android/app/src/main/java/com/touliao/app/feature/call/CallScreen.kt,ios/Touliao/Features/Call/CallView.swift,已有,沿用对应现有接口/本地偏好/媒体行为，不修改协议。,待分批实施,尚未验证改版；原生真机待验证
video-call,通话,视频通话,Web / Windows / iOS / Android,light / dark,web/src/components/CallModal.jsx,android/app/src/main/java/com/touliao/app/feature/call/CallScreen.kt,ios/Touliao/Features/Call/CallView.swift,已有,沿用对应现有接口/本地偏好/媒体行为，不修改协议。,待分批实施,尚未验证改版；原生真机待验证
search,内容,全局搜索,Web / Windows / iOS / Android,light / dark,web/src/components/GlobalSearch.jsx;web/src/components/ConvSearchBar.jsx,android/app/src/main/java/com/touliao/app/feature/search/SearchScreen.kt,ios/Touliao/Features/Search/SearchView.swift,已有,沿用对应现有接口/本地偏好/媒体行为，不修改协议。,待分批实施,尚未验证改版；原生真机待验证
help,设置,帮助与反馈,Web / Windows / iOS / Android,light / dark,,,,部分/待接入,无已核实的反馈提交服务；不生成假反馈按钮。,待分批实施,尚未验证改版；原生真机待验证
blocked,设置,黑名单,Web / Windows / iOS / Android,light / dark,web/src/components/ContactList.jsx,android/app/src/main/java/com/touliao/app/feature/contacts/BlockedScreen.kt,ios/Touliao/Features/Contacts/BlockedView.swift,已有,沿用对应现有接口/本地偏好/媒体行为，不修改协议。,待分批实施,尚未验证改版；原生真机待验证
contact-tags,联系人,标签管理,Web / Windows / iOS / Android,light / dark,web/src/components/ContactList.jsx,android/app/src/main/java/com/touliao/app/feature/labels/FriendLabelsScreen.kt,ios/Touliao/Features/Contacts/FriendLabelsView.swift,已有,沿用对应现有接口/本地偏好/媒体行为，不修改协议。,待分批实施,尚未验证改版；原生真机待验证
about,设置,关于投聊,Web / Windows / iOS / Android,light / dark,web/src/components/Profile.jsx;web/src/components/UpdateBanner.jsx,android/app/src/main/java/com/touliao/app/feature/settings/SettingsHomeScreen.kt,ios/Touliao/Features/Profile/SettingsHomeView.swift,已有,保留现有版本和 Electron 更新机制；本轮不升版不发版。,待分批实施,尚未验证改版；原生真机待验证
forgot-password,登录与引导,找回密码,Web / Windows / iOS / Android,light / dark,web/src/pages/ForgotPassword.jsx,android/app/src/main/java/com/touliao/app/feature/auth/ForgotPasswordScreen.kt,ios/Touliao/Features/Auth/ForgotPasswordView.swift,部分/待接入,与 forgot 合并；保留现有管理员协助流程。,待分批实施,尚未验证改版；原生真机待验证
reset-password,登录与引导,设置密码,Web / Windows / iOS / Android,light / dark,web/src/components/Profile.jsx,android/app/src/main/java/com/touliao/app/feature/settings/SettingsHomeScreen.kt,ios/Touliao/Features/Profile/SettingsHomeView.swift,部分/待接入,仅已登录用户修改密码；未认证自助重置待接入。,待分批实施,尚未验证改版；原生真机待验证
qr-login,登录与引导,扫码登录,Web / Windows / iOS / Android,light / dark,,,,部分/待接入,没有已核实的扫码认证协议；不新增正式入口。,待分批实施,尚未验证改版；原生真机待验证
